{"cameraMode":{"drawMode":0,"name":"Shaded","section":"Shading Mode"},"sceneLighting":true,"audioPlay":false,"sceneViewState":{"showFog":true,"showMaterialUpdate":false,"showSkybox":true,"showFlares":true,"showImageEffects":true,"showParticleSystems":true},"in2DMode":false,"pivot":{"x":254.1944580078125,"y":-115.21057891845703,"z":81.60018920898438},"rotation":{"x":-0.17137162387371064,"y":-0.5810479521751404,"z":0.1267690658569336,"w":-0.7854713797569275},"size":154.42588806152345,"orthographic":false}